Spotify;Titol;Cantant;Any;Tipus
spotify:track:0pQskrTITgmCMyr85tb9qq;Starman - 2012 Remaster;David Bowie;1972;Temacles
spotify:track:5Hu3Y13dE9rEZire0tlAMW;Mi Gato;Rosario;2013;Temacles
spotify:track:7iL6o9tox1zgHpKUfh9vuC;In Da Club;50 Cent;2003;Temacles
spotify:track:0Ttqiz6DNvPkThvbnr9vYJ;Solo Si Es Contigo;Bombai, Bebe;2017;Temacles
spotify:track:4qO03RMQm88DdpTJcxlglY;Call Me;Blondie;1999;Temacles
spotify:track:2WfaOiMkCvy7F5fcp2zZ8L;Take on Me;a-ha;1985;Temacles
spotify:track:3cfOd4CMv2snFaKAnMdnvK;All Star;Smash Mouth;1999;Temacles
spotify:track:44Pv0rinObvVa4nQ4TXLga;Hello;Martin Solveig, Dragonette;2011;Temacles
spotify:track:4nVBt6MZDDP6tRVdQTgxJg;Story of My Life;One Direction;2013;Temacles
spotify:track:40riOy7x9W7GXjyGp4pjAv;Hotel California - 2013 Remaster;Eagles;1976;Temacles
spotify:track:100Tm6z29RfHTdUQ6NIs0s;Me Voy;Julieta Venegas;2006;Temacles
spotify:track:5WHTFyqSii0lmT9R21abT8;Don't Call Me Up;Mabel;2019;Temacles
spotify:track:6vGW3d8X48CBaLdU0PQbey;Moving on Up;M People;1998;Temacles
spotify:track:4Dvkj6JhhA12EX05fT7y2e;As It Was;Harry Styles;2022;Temacles
spotify:track:4I3nztDQ3cPajQtzg59tWx;Don't Get Me Wrong;Pretenders;1987;Temacles
spotify:track:2kZJ5wrpq1gCdHmVEjahoH;Pan y mantequilla;Efecto Pasillo;2013;Temacles
spotify:track:0eVborSuxUeSg0meWYd9dZ;Soldadito marinero;Fito y Fitipaldis;2003;Temacles
spotify:track:6J6RWKCPN5RFKHUKEUFjxS;Step by Step;New Kids On The Block;1990;Temacles
spotify:track:3MrRksHupTVEQ7YbA0FsZK;The Final Countdown;Europe;1986;Temacles
spotify:track:7GrAOZRMBhUPN5PdbJZVO9;Europe's Living A Celebration - Versión Gala Eurovisión;Rosa López;2006;Temacles
spotify:track:4esOae7i4rqTbAu9o5Pxco;Girl on Fire;Alicia Keys;2012;Temacles
spotify:track:5ildQOEKmJuWGl2vRkFdYc;DESPECHÁ;ROSALÍA;2022;Temacles
spotify:track:7kzKAuUzOITUauHAhoMoxA;Last Nite;The Strokes;2001;Temacles
spotify:track:6zIfdCmmhPCX0cMquBsC37;Sweet Dreams (Are Made of This);Eurythmics, Annie Lennox, Dave Stewart;2008;Temacles
spotify:track:5BSclXJTa9B0iURhUjZo50;La Tortura (feat. Alejandro Sanz);Shakira, Alejandro Sanz;2005;Temacles
spotify:track:4ePP9So5xRzspjLFVVbj90;Two Princes;Spin Doctors;1991;Temacles
spotify:track:4ICTaUYLT26W3fsMpIX5cq;Rufino;Luz Casal;1985;Temacles
spotify:track:29KiGwvYBw6JGQWrAlLhGg;Perfect;Fairground Attraction;1988;Temacles
spotify:track:08RVzS1yTy1TsVuRgziTOq;Baila (Sexy Thing);Zucchero;2001;Temacles
spotify:track:1mea3bSkSGXuIRvnydlB5b;Viva La Vida;Coldplay;2008;Temacles
spotify:track:6RtPijgfPKROxEzTHNRiDp;Rude;MAGIC!;2014;Temacles
spotify:track:5hnyJvgoWiQUYZttV4wXy6;Chasing Cars;Snow Patrol;2006;Temacles
spotify:track:3ZpQiJ78LKINrW9SQTgbXd;All I Wanna Do;Sheryl Crow;1993;Temacles
spotify:track:5N6M8yDiMV32T6Rkzh8EbW;Boom, Boom, Boom, Boom!!;Vengaboys;1999;Temacles
spotify:track:7Eb5AYiiGWItBNddlmxvnh;A quién le importa;Alaska Y Dinarama;1986;Temacles
spotify:track:0X1XgxtHG9hULAw296CCgz;El Gato Que Está Triste y Azul - Un Gato Nel Blu;Roberto Carlos;1992;Temacles
spotify:track:7EI6Iki24tBHAMxtb4xQN2;Anywhere;Rita Ora;2017;Temacles
spotify:track:1EZypwk0xcj64ZLAglhLs2;La Cosa Mas Bella;Eros Ramazzotti;1996;Temacles
spotify:track:1EXrFPfVNVsyb32yapebbM;Our House;Madness;1982;Temacles
spotify:track:7fu3Tv5rcoGD1PZV7s57WW;Rock the Boat;Hues Corporation;1973;Temacles
spotify:track:5HCyWlXZPP0y6Gqq8TgA20;STAY (with Justin Bieber);The Kid LAROI, Justin Bieber;2021;Temacles
spotify:track:0cqRj7pUJDkTCEsJkx8snD;Shake It Off;Taylor Swift;2014;Temacles
spotify:track:7BCer0V0I1CZDI6S6kYD44;Son de Amores;Andy & Lucas;2001;Temacles
spotify:track:4Egb5xP6cniUx0kgZd5zLB;Soy Yo;Bomba Estéreo;2015;Temacles
spotify:track:3WJg6tafYPq7xVmLXVLI1b;Achilipú;Dolores Vargas;2015;Temacles
spotify:track:3GfOAdcoc3X5GPiiXmpBjK;Song 2;Blur;2000;Temacles
spotify:track:2bPH3Ph0RHQuugStXcpyRP;Cuando Tú Vas;Chenoa;2002;Temacles
spotify:track:1FkoVC85Ds3mFoK0fVqEqP;Self Esteem;The Offspring;1994;Temacles
spotify:track:1xQ6trAsedVPCdbtDAmk0c;Savage Love (Laxed - Siren Beat);Jawsh 685, Jason Derulo;2020;Temacles
spotify:track:1gVVSmhWjci8l9Vrsl6HaS;Vertigo;U2;2004;Temacles
spotify:track:2M9ro2krNb7nr7HSprkEgo;Fast Car;Tracy Chapman;1988;Temacles
spotify:track:0GzQB5WXavUEU8tfTCAd8m;Cuando zarpa el amor;Camela;2004;Temacles
spotify:track:623rRTKwGmgjH6sjE9uWLh;Scatman (ski-ba-bop-ba-dop-bop);Scatman John;1995;Temacles
spotify:track:3U5JVgI2x4rDyHGObzJfNf;Unwritten;Natasha Bedingfield;2004;Temacles
spotify:track:7EWKAYWmUc1cTfEimTKvou;Háblame de Ti;Pecos;1978;Temacles
spotify:track:521uF3jhz9GIIlLeP9YV7J;Sleeping In My Car;Roxette;1994;Temacles
spotify:track:5Ihd9HrPvOADyVoonH9ZjB;Un-Break My Heart;Toni Braxton;1996;Temacles
spotify:track:1d5obgzCOtwq9qaxfe4Hpw;Rayos de Sol;José de Rico, Henry Mendez;2011;Temacles
spotify:track:5ChkMS8OtdzJeqyybCc9R5;Billie Jean;Michael Jackson;2008;Temacles
spotify:track:34js2TOQm9tf6xhefJ97HI;Oye;Gloria Estefan;1998;Temacles
spotify:track:0COqiPhxzoWICwFCS4eZcp;Bring Me To Life;Evanescence;2003;Temacles
spotify:track:5RC9olve1FVs1bnIneatm8;Free;Ultra Naté;1998;Temacles
spotify:track:1ot6jEe4w4hYnsOPjd3xKQ;I'm So Excited;The Pointer Sisters;1982;Temacles
spotify:track:6nTiIhLmQ3FWhvrGafw2zj;American Idiot;Green Day;2004;Temacles
spotify:track:4Kii4OhkRIezu0KjOiFq0G;19 Dias y 500 Noches;Joaquín Sabina;1999;Temacles
spotify:track:3u5N55tHf7hXATSQrjBh2q;Freed From Desire - prod. Molella, Phil Jay;Gala, Molella, Phil Jay;1997;Temacles
spotify:track:3A58rEqzY7fwWSOnlB2AxB;Las Chicas Son Guerreras;COZ;2013;Temacles
spotify:track:6ASzF6lnAamXQvWLPa3WDi;Suéltate el pelo;Hombres G;1988;Temacles
spotify:track:3L7RtEcu1Hw3OXrpnthngx;Don't You Want Me;The Human League;1981;Temacles
spotify:track:07q0QVgO56EorrSGHC48y3;I Was Made For Lovin' You;KISS;1979;Temacles
spotify:track:2He3NOyqtLNE3RQPpeDdSb;Groove Is in the Heart;Deee-Lite;1990;Temacles
spotify:track:2XVQdI3m0giGxNrwUhV3yP;Funkytown;Lipps Inc.;1979;Temacles
spotify:track:0nHdPB5NA4xkoDoSLbREwD;Ma quale idea;Pino D'Angiò;2016;Temacles
spotify:track:483Mpgv3ri4eUD5mJvHnaI;El Canario;No Me Pises Que Llevo Chanclas;1994;Temacles
spotify:track:7pqTE8rWJUZ74M3rpDbLzP;Sola (Con un desconocido);Ole Ole;1987;Temacles
spotify:track:6QBLmxP1tU6lw1dhKQulau;Mediterraneo;Los Rebeldes;1986;Temacles
spotify:track:4u7ZqpIkq2sDdQD22JOFLZ;ABC;The Jackson 5;2022;Temacles
spotify:track:37ZJ0p5Jm13JPevGcx4SkF;Livin' On A Prayer;Bon Jovi;1986;Temacles
spotify:track:2rTYgHxgcndkUrRoU7x0Sv;Mr. Vain;Culture Beat;1993;Temacles
spotify:track:1B75hgRqe7A4fwee3g3Wmu;U Can't Touch This;MC Hammer;1990;Temacles
spotify:track:4p7XH4NhQ25iGYrrbg93gt;Suave;Luis Miguel;1993;Temacles
spotify:track:5fwSHlTEWpluwOM0Sxnh5k;Pepas;Farruko;2021;Temacles
spotify:track:1NCuYqMc8hKMb4cpNTcJbD;Another Day in Paradise - 2016 Remaster;Phil Collins;1989;Temacles
spotify:track:0AQqrtK1pULuwZUXhwaaDz;All By Myself;Eric Carmen;1975;Temacles
spotify:track:4WpmwEdc4RBos8W8icSSxW;Moonlight Shadow;Mike Oldfield;2009;Temacles
spotify:track:1jF7IL57ayN4Ity3jQqGu0;Try;P!nk;2012;Temacles
spotify:track:3Jwalo4hQy4AHqtnyGUoMk;Son Of My Father;Chicory Tip;2011;Temacles
spotify:track:6epn3r7S14KUqlReYr77hA;Baby;Justin Bieber, Ludacris;2010;Temacles
spotify:track:4HjzdN3HFW2p52Eey2MumB;El Baile del Gorila;Melody;2001;Temacles
spotify:track:1Yk0cQdMLx5RzzFTYwmuld;Hello;Adele;2015;Temacles
spotify:track:7iN1s7xHE4ifF5povM6A48;Let It Be - Remastered 2009;The Beatles;1970;Temacles
spotify:track:6FG8TkQCTo5TfOQ6bG5Fxf;Se Me Enamora el Alma;Isabel Pantoja;2009;Temacles
spotify:track:0LoQuiekvzqx7n8flgEKzF;Get It On;T. Rex;1971;Temacles
spotify:track:4oGTdOClZUxcM2H3UmXlwL;Ironic;Alanis Morissette;1995;Temacles
spotify:track:3Ti0O0JrzCJ3Hxdgg6YI1V;Fantastic Shine;Love of Lesbian;2013;Temacles
spotify:track:7k4t7uLgtOxPwTpFmtJNTY;Tusa;KAROL G, Nicki Minaj;2019;Temacles
spotify:track:3Q8avvsQE7mtTXT2TrDx3I;Sincericidio;Leiva;2016;Temacles
spotify:track:20ZP3Om9DvDazXrNUC7WM2;These Days (feat. Jess Glynne, Macklemore & Dan Caplen);Rudimental, Jess Glynne, Macklemore, Dan Caplen;2019;Temacles
spotify:track:22vgEDb5hykfaTwLuskFGD;Sucker;Jonas Brothers;2019;Temacles
spotify:track:08bNPGLD8AhKpnnERrAc6G;FRIENDS;Marshmello, Anne-Marie;2018;Temacles
spotify:track:2A2Q4CYBcVvBF2OqgJ3OWX;Ya No Quiero Ná;Lola Indigo;2018;Temacles
spotify:track:4YYd1oPidpG7rVu4OLjPG7;Viaje con nosotros;Orquesta Mondragon;1980;Temacles
spotify:track:0Dm43YLUlGdePpSbI1ct8h;Part-Time Lover;Stevie Wonder;1985;Temacles
spotify:track:1n7omixiROWs5q6xpWiQuL;Satisfaction - Isak Original Extended;Benny Benassi, The Biz;2003;Temacles
spotify:track:4bJygwUKrRgq1stlNXcgMg;All The Things She Said;t.A.T.u.;2002;Temacles
spotify:track:2Za2mUwmQoSxWPscaY2vxl;Murder On The Dancefloor;Sophie Ellis-Bextor;2002;Temacles
spotify:track:2yc9sElleYDl3NXMZSgsRv;Blanco y Negro;Malú;2010;Temacles
spotify:track:6JV2JOEocMgcZxYSZelKcc;"CAN'T STOP THE FEELING! (from DreamWorks Animation's ""TROLLS"")";Justin Timberlake;2016;Temacles
spotify:track:5zNlrLpJFZt3RvRe9A0Hed;Mi Religión;Nil Moliner;2020;Temacles
spotify:track:583xVl0Sbj93uU4ceixgU8;I'm Outta Love - Radio Edit;Anastacia;1999;Temacles
spotify:track:00i0O74dXdaKKdCrqHnfXm;La Mordidita (feat. Yotuel);Ricky Martin, Yotuel;2015;Temacles
spotify:track:3PR79C1jVvLLLmgdyHkXl3;That's the Way (I Like It) - 2004 Remaster;KC & The Sunshine Band;1975;Temacles
spotify:track:0ire4j2mcGovF5JA1D2cTp;Don't Leave Me This Way (with Sarah Jane Morris);The Communards, Sarah Jane Morris;1986;Temacles
spotify:track:54X78diSLoUDI3joC2bjMz;Purple Rain;Prince;1984;Temacles
spotify:track:1ckqbT2LtD2K1Mqvlmo21n;La vida pasa felizmente (remastered);Luis Aguile;2002;Temacles
spotify:track:2iJuuzV8P9Yz0VSurttIV5;Scream & Shout;will.i.am, Britney Spears;2013;Temacles
spotify:track:6AsF1pBjFMIEMXuA8JgRag;Dolce Vita;Ryan Paris;2009;Temacles
spotify:track:1DxT6f6mH7kLriOUWbujup;All Night Long (All Night);Lionel Richie;1983;Temacles
spotify:track:2GcjfckZexh9wRRjg9KtQG;Tiburon;Proyecto Uno;1997;Temacles
spotify:track:3QiRtWfWlZtLz43VbJRiEm;Aire - Remastered;Pedro Marin;2015;Temacles
spotify:track:3c8iiZGfEammKJuWTErE5x;Ain't Nobody (Loves Me Better) (feat. Jasmine Thompson);Felix Jaehn, Jasmine Thompson;2018;Temacles
spotify:track:4pbyDPjFgfPqFTcIMC8xpK;Rock DJ;Robbie Williams;2000;Temacles
spotify:track:0vg4WnUWvze6pBOJDTq99k;You're Beautiful;James Blunt;2005;Temacles
spotify:track:4kLLWz7srcuLKA7Et40PQR;I Gotta Feeling;Black Eyed Peas;2009;Temacles
spotify:track:54OR1VDpfkBuOY5zZjhZAY;YMCA - Original Version 1978;Village People;1978;Temacles
spotify:track:7jK3BKP4SDY3MGHKgbGcp9;Juntos;Paloma San Basilio;1981;Temacles
spotify:track:5rb9QrpfcKFHM1EUbSIurX;Yeah! (feat. Lil Jon & Ludacris);USHER, Lil Jon, Ludacris;2004;Temacles
spotify:track:4cOdK2wGLETKBW3PvgPWqT;Never Gonna Give You Up;Rick Astley;1987;Temacles
spotify:track:3qD3IT0t8QnkD80DEYvRgr;Greased Lightnin';John Travolta;2008;Temacles
spotify:track:3I4rCM3LCLIFCNA0iRQ9Qz;Bimbó 92;Georgie Dann;2000;Temacles
spotify:track:6b61wUfgkYnP1pmXI6k13J;Duro De Pelar;Rebeca;1996;Temacles
spotify:track:6zT8SxeBSGZlMgQM8VvgYZ;Enseñame a Cantar;Micky;2003;Temacles
spotify:track:6vXpvdynJIA38p4ffg9buA;Una Noche Más;Jennifer Lopez;1999;Temacles
spotify:track:5xEM5hIgJ1jjgcEBfpkt2F;Complicated;Avril Lavigne;2002;Temacles
spotify:track:7bJSbd2Upa4iYVHlbRKEJm;Enola Gay;Orchestral Manoeuvres In The Dark;1988;Temacles
spotify:track:5a76ewdxMy4WoMuDinapcl;Que La Detengan;David Civera;2002;Temacles
spotify:track:3tjFYV6RSFtuktYl3ZtYcq;Mood (feat. iann dior);24kGoldn, iann dior;2020;Temacles
spotify:track:0BxfFnk0YzONqvmrkO0QrB;Don't Cha;The Pussycat Dolls, Busta Rhymes;2005;Temacles
spotify:track:7mmhMfqs3knRMMlvnMPTHn;Simply Irresistible;Robert Palmer;1988;Temacles
spotify:track:0reKGVcWLVvl1FzjZ6TACy;I Like The Way - Radio Edit;Bodyrockers;2005;Temacles
spotify:track:020Gj87SqDRvzGHELzcCEc;Cien gaviotas;Duncan Dhu;1986;Temacles
spotify:track:2tTmW7RDtMQtBk7m2rYeSw;Quevedo: Bzrp Music Sessions, Vol. 52;Bizarrap, Quevedo;2022;Temacles
spotify:track:7wZUrN8oemZfsEd1CGkbXE;Bleeding Love;Leona Lewis;2007;Temacles
spotify:track:2AY1UAimvTqjJC8vDJsOyy;Mayores;Becky G, Bad Bunny;2019;Temacles
spotify:track:10tzk7ZRjwnLKd3gjKLtTA;Laura no està;Nek;1997;Temacles
spotify:track:1EhDeCHd34jt7dMDqkGQBC;Arrasando;Thalia;2000;Temacles
spotify:track:1SssFw74DdHVjRa6ADggdD;Sweat (A La La La La Long);Inner Circle;2010;Temacles
spotify:track:4xzcXQrlMKwvv3kDpvBKWm;La Bilirrubina;Juan Luis Guerra 4.40;1990;Temacles
spotify:track:4yu6Gh2sTy26PqVtLRmGOn;Asi Me Gusta a Mi;Chimo Bayo;2007;Temacles
spotify:track:6PfQB3xEbIlky1dXOb3Yyh;Amigos para Siempre;Los Manolos;1992;Temacles
spotify:track:4z2EeFUp5Lhai9qhHtA6IF;Salir;Extremoduro;1998;Temacles
spotify:track:3850dYVgOFIXJh5U4BFEWH;Hung Up;Madonna;2005;Temacles
spotify:track:15BQ7vEDv2LJuh8TxWIhtd;The Passenger;Iggy Pop;1977;Temacles
spotify:track:4XcNoJ4W4Qa4uuqxa2KRsm;The Only Thing That Looks Good On Me Is You;Bryan Adams;1996;Temacles
spotify:track:5YbgcwHjQhdT1BYQ4rxWlD;Don't Worry Be Happy;Bobby McFerrin;1997;Temacles
spotify:track:2TxCwUlqaOH3TIyJqGgR91;Mamma Mia;ABBA;1975;Temacles
spotify:track:7JJmb5XwzOO8jgpou264Ml;There's Nothing Holdin' Me Back;Shawn Mendes;2017;Temacles
spotify:track:1yoMvmasuxZfqHEipJhRbp;Hawái;Maluma;2020;Temacles
spotify:track:3i6qNxyVgIdUZTTi5m25EM;Bitch;Meredith Brooks;1997;Temacles
spotify:track:5QO79kh1waicV47BqGRL3g;Save Your Tears;The Weeknd;2020;Temacles
spotify:track:1uI848raFaNWwe9HjHpjQ5;Boys - Summertime Love;Sabrina;1988;Temacles
spotify:track:2hConpLOB6gmyM8vDkVOof;Lobo-hombre en París;La Unión;1984;Temacles
spotify:track:4y1LsJpmMti1PfRQV9AWWe;Girls Just Want to Have Fun;Cyndi Lauper;1983;Temacles
spotify:track:2d8D7uk3tbAThjRkdfrx9c;Voyage voyage;Desireless;2001;Temacles
spotify:track:5jVJAojK3LFKETjI2gYb8O;I Promised Myself;Nick Kamen;1990;Temacles
spotify:track:0qPFZh2doqpRirH6JwqiFS;Johnny Techno Ska - Versión 1994 Remasterizada;Paco Pil;1994;Temacles
spotify:track:5iwz1NiezX7WWjnCgY5TH4;Calma - Remix;Pedro Capó, Farruko;2018;Temacles
spotify:track:5rgy6ghBq1eRApCkeUdJXf;We Are Young (feat. Janelle Monáe);fun., Janelle Monáe;2012;Temacles
spotify:track:3QncI2MDoSto39bT8SJtKK;Antes Muerta Que Sencilla;María Isabel;2004;Temacles
spotify:track:1SShxVVBeZBCY7WddnksPz;Gypsy Woman (She's Homeless) (La Da Dee La Da Da) - Basement Boy Strip To The Bone Mix;Crystal Waters, The Basement Boys;1991;Temacles
spotify:track:4vfzROmNsxedKICcHod5Rh;Here Comes the Hotstepper;iNi Kamoze;2001;Temacles
spotify:track:3FdHgoJbH3DXNtGLh56pFu;Conga!;Miami Sound Machine;1985;Temacles
spotify:track:4a9hKPzMzh0vkKOUnz5gSD;Ella Elle L A;Kate Ryan;2008;Temacles
spotify:track:5fy4vfEtv6lzqLx2Mt7stF;It's a Sin - 2018 Remaster;Pet Shop Boys;1987;Temacles
spotify:track:22D8T98R2LL6PEC0LGrmYt;Let Me Out;Dover;2006;Temacles
spotify:track:2hrUO4drrO63i7FYbCLBl2;Rockabye (feat. Sean Paul & Anne-Marie);Clean Bandit, Sean Paul, Anne-Marie;2018;Temacles
spotify:track:4rFCPjKfgbEeNvs1Ku4nbd;Yo Quiero Bailar;Sonia Y Selena;2001;Temacles
spotify:track:1hGy2eLcmC8eKx7qr1tOqx;Beautiful Girls;Sean Kingston;2007;Temacles
spotify:track:2ev0McFPUBFiQ8CAXL2Okw;Saturday Night - Radio Mix;Whigfield;2022;Temacles
spotify:track:2wlptOJ1g5fvLdu6ruKCKU;Madre Tierra (Oye);Chayanne;2014;Temacles
spotify:track:11rsK9GDZ9UdWsxtDqnMmN;¿Porqué te vas?;Jeanette;2011;Temacles
spotify:track:1zi7xx7UVEFkmKfv06H8x0;One Dance;Drake, Wizkid, Kyla;2016;Temacles
spotify:track:5TMLavqGRKNxgzMBrVpC9R;Mon Amour - Remix;zzoilo, Aitana;2021;Temacles
spotify:track:2ixsaeFioXJmMgkkbd4uj1;Budapest;George Ezra;2014;Temacles
spotify:track:1EBYkBMIU9nWRCLsot4DN2;Lo echamos a suertes;Ella Baila Sola;1996;Temacles
spotify:track:12FI23F59xB0DOoZcVKf4J;Bienvenidos;Miguel Ríos;1992;Temacles
spotify:track:32MzNj36hpZLKIvdo80hOO;Agapimu;Ana Belén;1979;Temacles
spotify:track:0lIoY4ZQsdn5QzhraM9o9u;Because the Night;Patti Smith;1978;Temacles
spotify:track:6L89mwZXSOwYl76YXfX13s;Basket Case;Green Day;1994;Temacles
spotify:track:4XHNR6VSE2JLNd65kNkX2L;Ai Se Eu Te Pego;Michel Teló;2015;Temacles
spotify:track:1fDsrQ23eTAVFElUMaf38X;American Pie;Don McLean;1971;Temacles
spotify:track:3E7ZwUMJFqpsDOJzEkBrQ7;Can't Get You out of My Head;Kylie Minogue;2001;Temacles
spotify:track:59BkBWQitTPgS1inzGfyI5;Stars On 45 - Original Single Edit;Stars On 45;1981;Temacles
spotify:track:0nrRP2bk19rLc0orkWPQk2;Wake Me Up;Avicii;2013;Temacles
spotify:track:2fTsFCKRFQ5M0igJgabnLA;Price Tag;Jessie J, B.o.B;2011;Temacles
spotify:track:4W4wYHtsrgDiivRASVOINL;Love Shack;The B-52's;1989;Temacles
spotify:track:70LcF31zb1H0PyJoS1Sx1r;Creep;Radiohead;1993;Temacles
spotify:track:2YdX7PEziOImkySNDWsaKM;Rise Up - Radio Edit;Yves Larock;2015;Temacles
spotify:track:22HYEJveCvykVDHDiEEmjZ;Tubthumping;Chumbawamba;1997;Temacles
spotify:track:4pt5fDVTg5GhEvEtlz9dKk;I WANNA BE YOUR SLAVE;Måneskin;2021;Temacles
spotify:track:4r8lRYnoOGdEi6YyI5OC1o;Bye Bye Bye;*NSYNC;2000;Temacles
spotify:track:3dPQuX8Gs42Y7b454ybpMR;Seven Nation Army;The White Stripes;2003;Temacles
spotify:track:2WElktskrNJEwgpp5Vouxk;I'm Too Sexy;Right Said Fred;1992;Temacles
spotify:track:6WrnSlcN0dzTO80mVVbBto;Do You Want To;Franz Ferdinand;2005;Temacles
spotify:track:6vcdzohhBSbNdsZBh5IRpQ;Back for Good - Radio Mix;Take That;1995;Temacles
spotify:track:5DiXcVovI0FcY2s0icWWUu;Mr. Jones;Counting Crows;1993;Temacles
spotify:track:1PckUlxKqWQs3RlWXVBLw3;About Damn Time;Lizzo;2022;Temacles
spotify:track:2zMJN9JvDlvGP4jB03l1Bz;Hot Stuff;Donna Summer;1979;Temacles
spotify:track:7hhclvecTpNxNNRCk7NUoc;Little L;Jamiroquai;2001;Temacles
spotify:track:3Z2tPWiNiIpg8UMMoowHIk;We Are The World;U.S.A. For Africa;1985;Temacles
spotify:track:3TZiiTNmVhLRMhPksHqk8M;Nunca volverá;El Sueño de Morfeo;2005;Temacles
spotify:track:0ikz6tENMONtK6qGkOrU3c;Wake Me Up Before You Go-Go;Wham!;1984;Temacles
spotify:track:5R9a4t5t5O0IsznsrKPVro;Single Ladies (Put a Ring on It);Beyoncé;2008;Temacles
spotify:track:0HPD5WQqrq7wPWR7P7Dw1i;TiK ToK;Kesha;2010;Temacles
spotify:track:3NWoyVfSCtJ7CSFQ7rVu05;Ni Mas Ni Menos;Los Chichos;2007;Temacles
spotify:track:000u1dTg7y1XCDXi80hbBX;I Don't Want A Lover;Texas;1989;Temacles
spotify:track:4Fvnz1ZJ86IdqDAepWYPAh;Volver, Volver;Vicente Fernández;1972;Temacles
spotify:track:21qnJAMtzC6S5SESuqQLEK;Pump Up The Jam;Technotronic;1989;Temacles
spotify:track:1di1BEgJYzPvXUuinsYJGP;Everybody (Backstreet's Back) - Radio Edit;Backstreet Boys;1997;Temacles
spotify:track:7a53HqqArd4b9NF4XAmlbI;Kings & Queens;Ava Max;2020;Temacles
spotify:track:6N7gPTru90HYLRUIVDQ185;More Than This;Roxy Music;1982;Temacles
spotify:track:5ubvP9oKmxLUVq506fgLhk;Stayin Alive;Bee Gees;2020;Temacles
spotify:track:0lnxrQAd9ZxbhBBe7d8FO8;MMMBop;Hanson;1997;Temacles
spotify:track:7wUKRQMHG0fI3DBzi6Tp29;Baila el Chiki Chiki;Rodolfo Chikilicuatre, Tata Golosa;2017;Temacles
spotify:track:6lV2MSQmRIkycDScNtrBXO;Airplanes (feat. Hayley Williams of Paramore);B.o.B, Hayley Williams;2010;Temacles
spotify:track:748mdHapucXQri7IAO8yFK;Kiss Me More (feat. SZA);Doja Cat, SZA;2021;Temacles
spotify:track:1mJYIA1fwPgw40Kp9KIouE;No Rompas Mi Corazón;Coyote Dax;2001;Temacles
spotify:track:0dIj0bpkfkKpcYYa5ehaRS;Historias de amor;OBK;1991;Temacles
spotify:track:64X1Hzn8aqjFpiVfWjCGsp;Borriquito;Peret;1990;Temacles
spotify:track:4wJNcICQAv1ZNj8tkoMJab;Yo no soy esa;Mari Trini;1971;Temacles
spotify:track:6YUTL4dYpB9xZO5qExPf05;Summer;Calvin Harris;2014;Temacles
spotify:track:49X0LAl6faAusYq02PRAY6;Lady - Hear Me Tonight;Modjo;2001;Temacles
spotify:track:1sTsuZTdANkiFd7T34H3nb;Human;The Killers;2008;Temacles
spotify:track:7vu0JkJh0ldukEYbTVcqd0;Issues;Julia Michaels;2017;Temacles
spotify:track:294ii3rwz6bTJ2XMn5BDu0;Sugar Baby Love;The Rubettes;1990;Temacles
spotify:track:7J0niAY0FLzGiCVJUREl88;Escuela de Calor;Radio Futura;1984;Temacles
spotify:track:1Je1IMUlBXcx1Fz0WE7oPT;Wannabe;Spice Girls;1996;Temacles
spotify:track:1q9l6c8bAzqWcvO3DM6FsR;I Don't Feel Like Dancin';Scissor Sisters;2006;Temacles
spotify:track:2X1P55Lrz0g5X2OQd8n4c9;María Caipirinha (with Dj Dero);Carlinhos Brown, DJ Dero;2011;Temacles
spotify:track:59eAcAyhYSLi5GKFrgHJzG;Faith;George Michael;1998;Temacles
spotify:track:2yAVzRiEQooPEJ9SYx11L3;Blue (Da Ba Dee) - Gabry Ponte Ice Pop Radio;Eiffel 65, Gabry Ponte;1999;Temacles
spotify:track:0weAUscowxeqDtpCgtbpgp;Gettin' Jiggy Wit It;Will Smith;1997;Temacles
spotify:track:4V4P2sg9GaTttNn3mRnTDB;Nada Que Perder;Conchita;2007;Temacles
spotify:track:1GcVa4jFySlun4jLSuMhiq;Angie - Remastered 2009;The Rolling Stones;1973;Temacles
spotify:track:6sHBvzRsuGunQTfCk18KXi;Bailando por Ahi;Juan Magán;2012;Temacles
spotify:track:5QDLhrAOJJdNAmCTJ8xMyW;Dynamite;BTS;2020;Temacles
spotify:track:3xec1BelrzOd6v0o8HRd2l;El Jardín Prohibido;Sandro Giacobbe;2016;Temacles
spotify:track:4nTduFjaTmGysc9WKNuCcs;Vida de Rico;Camilo;2021;Temacles
spotify:track:0NJC0FDCODpPUntRTTQq97;Cryin';Aerosmith;1993;Temacles
spotify:track:2BTSWfjaTMYWCxhmVRhqLK;Mr. Saxobeat;Alexandra Stan;2016;Temacles
spotify:track:3P3pw6C19j31Rnzgo3JG7o;Perfect Strangers;Jonas Blue, JP Cooper;2018;Temacles
spotify:track:3rdAz1fbUfZxYgaCviYhRo;Todo De Ti;Rauw Alejandro;2021;Temacles
spotify:track:4KcH1ZRV2W1q7Flq0QqC76;Blitzkrieg Bop - 2016 Remaster;Ramones;1976;Temacles
spotify:track:2HHtWyy5CgaQbC7XSoOb0e;Eye of the Tiger;Survivor;1982;Temacles
spotify:track:4rvT5iZVOCJeXZrDvy6JFK;What Can I Do;The Corrs, Tin Tin Out;1998;Temacles
spotify:track:4LD5dhQ3kqpqe14sGPDtBC;Scream;Michael Jackson, Janet Jackson;1995;Temacles
spotify:track:3TCauNPqFiniaYHBvEVoHG;Beautiful;Christina Aguilera;2002;Temacles
spotify:track:0puf9yIluy9W0vpMEUoAnN;Bang Bang;Jessie J, Ariana Grande, Nicki Minaj;2014;Temacles
spotify:track:5vdp5UmvTsnMEMESIF2Ym7;Another One Bites The Dust - Remastered 2011;Queen;1980;Temacles
spotify:track:4VnzKUBMB6cvog8Jvv1few;Yellow River;Christie;1970;Temacles
spotify:track:1vxw6aYJls2oq3gW0DujAo;Crazy;Gnarls Barkley;2006;Temacles
spotify:track:5Hyr47BBGpvOfcykSCcaw9;"Holding Out for a Hero - From ""Footloose"" Soundtrack";Bonnie Tyler;1986;Temacles
spotify:track:3UmaczJpikHgJFyBTAJVoz;Stan;Eminem, Dido;2000;Temacles
spotify:track:37dYAkMa4lzRCH6kDbMT1L;We No Speak Americano (Edit);Yolanda Be Cool, DCup;2020;Temacles
spotify:track:4wDk9P2WSvHOsRW6SDYE7L;Que Te Quería;La Quinta Estacion;2009;Temacles
spotify:track:1KGi9sZVMeszgZOWivFpxs;No Scrubs;TLC;1999;Temacles
spotify:track:5hyq5k3Do9gW3HGvDg5ZEJ;La Lola;Café Quijano;1999;Temacles
spotify:track:5RzFJd6W40SDTyZkX6xx45;I Know You Want Me (Calle Ocho);Pitbull;2009;Temacles
spotify:track:0qi4b1l0eT3jpzeNHeFXDT;Just Can't Get Enough;Depeche Mode;1981;Temacles
spotify:track:0SiywuOBRcynK0uKGWdCnn;Bad Romance;Lady Gaga;2009;Temacles
spotify:track:4VrWlk8IQxevMvERoX08iC;Chandelier;Sia;2014;Temacles
spotify:track:0ny5zITdmyNwyTPVzRGscU;What You Waiting For?;Gwen Stefani;2004;Temacles
spotify:track:7uou7DWqEQSNfxcfipxyIu;Cuéntame un cuento;Celtas Cortos;1991;Temacles
spotify:track:4z7maGZkAonDlXlwo8q69f;Da Ya Think I'm Sexy?;Rod Stewart;1978;Temacles
spotify:track:6YYmoV9YbBefsspGmqFHbs;Una Vaina Loca;Fuego;2011;Temacles
spotify:track:3zHq9ouUJQFQRf3cm1rRLu;"Love Me Like You Do - From ""Fifty Shades Of Grey""";Ellie Goulding;2015;Temacles
spotify:track:0xmjwnQ3FNE6HuWCt2nHdZ;Where Is The Love?;Black Eyed Peas;2003;Temacles
spotify:track:5g6nzsOxwxdoj6sqAl0NXB;It's Raining Men;The Weather Girls;1996;Temacles
spotify:track:6uJrLZzBxS4JewGnihjNzM;The Rockafeller Skank;Fatboy Slim;1998;Temacles
spotify:track:2CEgGE6aESpnmtfiZwYlbV;Dynamite;Taio Cruz;2010;Temacles
spotify:track:4V9BTST4BSkvOL4xIQNHuS;Heaven Is A Place On Earth;Belinda Carlisle;1987;Temacles
spotify:track:7kXmJwrZGIhDaLT9sNo3ut;Hey Boy Hey Girl;The Chemical Brothers;1999;Temacles
spotify:track:6ocbgoVGwYJhOv1GgI9NsF;7 rings;Ariana Grande;2019;Temacles
spotify:track:6pMHMzwTsWIxLigr54GGVm;Rock Your Baby;George McCrae;2010;Temacles
spotify:track:38GqIQ4RVkat91RnQrLJYP;Love Is In The Air;John Paul Young;1989;Temacles
spotify:track:5LGqFIVBf3ZUeFBpc87CFS;Life;Des'ree;1998;Temacles
spotify:track:4S6gJt4RYR34t4sjW8wEah;Lo siento;Beret;2018;Temacles
spotify:track:3bC1ahPIYt1btJzSSEyyrF;Whistle;Flo Rida;2012;Temacles
spotify:track:5vCgDt0CtheaWVKzMW5KkO;Cero;Dani Martín;2013;Temacles
spotify:track:06KyNuuMOX1ROXRhj787tj;We Don't Talk Anymore (feat. Selena Gomez);Charlie Puth, Selena Gomez;2016;Temacles
spotify:track:4S1VYqwfkLit9mKVY3MXoo;Forever Young;Alphaville;1984;Temacles
spotify:track:0nQLxiNGbbUoSGrxksETLm;The Power;SNAP!;1990;Temacles
spotify:track:7kSclohbIAwXvlN0wU1wks;Locomia;Locomia;2016;Temacles
spotify:track:0TDLuuLlV54CkRRUOahJb4;Titanium (feat. Sia);David Guetta, Sia;2012;Temacles
spotify:track:6JymsaWDHk2Yj4e0yNBIFH;Jump Around;House Of Pain;1992;Temacles
spotify:track:5Qjx4obghhfhsh6DiUwpNM;Mayonesa;Chocolate;2000;Temacles
spotify:track:1EC0JRoSi9YL5zExd3Euc3;No Puedo Vivir Sin Ti;Los Ronaldos;2007;Temacles
spotify:track:5X9yP4oSAHO8gdN5Zom5of;America America;Nino Bravo;2005;Temacles
spotify:track:5BY0p2EH4EznNZ0MFD9mjt;Me Enamora;Juanes;2007;Temacles
spotify:track:0gBfLS4aqbrr1ZvVv8dqWB;Stereo Love;Edward Maya, Vika Jigulina;2009;Temacles
spotify:track:7HW5WIw7ZgZORCzUxv5gW5;Don't Go Breaking My Heart;Elton John, Kiki Dee;1975;Temacles
spotify:track:49FYlytm3dAAraYgpoJZux;Umbrella;Rihanna, JAY-Z;2008;Temacles
spotify:track:31AOj9sFz2gM0O3hMARRBx;Losing My Religion;R.E.M.;1991;Temacles
spotify:track:1gkBsKxTpVHIn1nLf05CUo;Peter Pan;El Canto Del Loco;2008;Temacles
spotify:track:6QgjcU0zLnzq5OrUoSZ3OK;Feel It Still;Portugal. The Man;2017;Temacles
spotify:track:41nv6To7wnoVnFJSb1FF36;Escapar (Slipping Away) (feat. Amaral) - 2006 Remastered Version;Moby, Amaral;2006;Temacles
spotify:track:0pqnGHJpmpxLKifKRmU6WP;Believer;Imagine Dragons;2017;Temacles
spotify:track:32OlwWuMpZ6b0aN2RZOeMS;Uptown Funk (feat. Bruno Mars);Mark Ronson, Bruno Mars;2015;Temacles
